audio,transcription
wavs/sample_000000.wav,لو سمحت عايز اطلب اوردر دليفري بيتزا بس ياريت توصل بسرعة عشان جعان جدا
wavs/sample_000001.wav,لو سمحت عايز اطلب اوردر دليفري بيتزا بس ياريت توصل بسرعة عشان جعان جدا
wavs/sample_000002.wav,يا عم انت عامل ايه النهاردة؟ وحشتني والله، يلا نتقابل قريب.
wavs/sample_000003.wav,لو سمحت عايز اعرف الميعاد بتاع اول قطر رايح اسكندرية النهاردة
wavs/sample_000004.wav,لو سمحت أنا عايز أستفسر عن فاتورة الإنترنت بتاعت شهر يناير، مش عارف ليه المبلغ زاد عن الشهر اللي فات؟
wavs/sample_000005.wav,ياعم انت لسه مخلصتش الشغلانه دي؟ فاضل فيها كتير؟
wavs/sample_000006.wav,ياعم انت لسه مخلصتش الشغلانه دي؟ فاضل فيها كتير؟
wavs/sample_000007.wav,لو سمحت عايز استفسر عن فاتورة النت بتاعت شهر يناير، حاسس إنها زادت عن الشهر اللي فات.
wavs/sample_000008.wav,لو سمحت، أنا بدور على قميص أبيض مقاس لارج، عندكم منه حاجة؟
